{
	"mm": {
		"sm": 0.1,
		"m": 0.001,
		"in": 0.03937007874016,
		"ft": 0.003280839895013,
		"yd": 0.0009144
	},
	"sm": {
		"mm": 10.0,
		"m": 0.01,
		"in": 0.3937007874016,
		"ft": 0.0328083989501,
		"yd": 0.009144
	},
	"m": {
		"sm": 10.0,
		"mm": 1000,
		"in": 39.37007874016,
		"ft": 3.28083989501,
		"yd": 0.9144
	},
	"in": {
		"sm": 2.54,
		"m": 0.0254,
		"mm": 25.4,
		"ft": 0.0833333333333,
		"yd": 0.0277777777778
	},
	"ft": {
		"sm": 30.48,
		"m": 0.3048,
		"in": 12.0,
		"mm": 304.8,
		"yd": 0.3333333333333
	},
	"yd": {
		"mm": 914.4,
		"sm": 91.44,
		"m": 0.9144,
		"in": 36.0,
		"ft": 3.0
	}
}
